recette_id,unit,quantity,ingredient
2161,,,sel
2161,,,poivre
2161,,5,oignons
2161,,2,saumon
2161,,1,citron
2161,verre,1,vin blanc
2161,,,huile d'olive
2161,,,câpres
2162,,,piment fort
2162,,1,feuille de laurier
2162,,500,pois chiches
2162,gousses,3,ail
2162,,2,citrons
2162,,,huile d'olive
2162,,,paprika
2162,,,olives noires
2163,,,poivre
2163,,,sel
2163,pincée,1,muscade
2163,,80,beurre
2163,,150,farine
2163,,150,gruyère râpé
2163,,4,oeufs
2164,barquette,1,tomates cerise
2164,bocal,1,olives vertes
2164,,1,gruyère
2164,,1,saucisson sec
2165,,,sel
2165,,,tabasco
2165,grosse,1,thon
2165,,1,échalote
2165,boîte,1,Saint Morêt
2165,,,citron
2166,cuillères à soupe,4,pesto
2166,,2,pâtes feuilletées
2166,,75,pignons
2166,,1,jaune d'oeuf
2167,,250,olives noires
2167,filets,6,anchois
2167,cuillères à café,3,câpres au vinaigre
2167,gousse,1,ail
2167,,10,huile d'olive
2168,cuillère à café,1,vinaigre
2168,,,sel
2168,,,poivre
2168,goutte,,tabasco
2168,cuillères à café,2,moutarde
2168,,100,fromage blanc
2168,,1,poivron
2168,,16,tomates cerise
2168,,2,carottes
2168,demi,1,chou-fleur
2168,,,herbes
2168,cuillères à soupe,6,mayonnaise
2168,cuillères à soupe,2,ketchup
2169,,,sel
2169,,,poivre
2169,cuillère à soupe,1,miel liquide
2169,cuillères,2,vinaigre balsamique
2169,,300,betterave
2169,,150,fromage ail et fines herbes
2169,cuillères,2,crème fraîche épaisse
2169,,,cerneau de noix
2170,cuillère à café,0.5,levure chimique
2170,,,piment
2170,,150,farine
2170,branches,2,persil
2170,,1,oignon
2170,,250,morue
2170,,1,bouquet garni
2170,,4,cive
2170,,10,lait
2170,,2,oeufs
2171,sachet,1,levure
2171,,3,huile
2171,cuillère à café,0.5,sel
2171,,500,farine
2171,,2,oeufs
2171,,8,lait
2171,,4,eau
2171,branche,1,thym
2171,pincée,1,poivre
2171,pincée,1,sel
2171,cuillère à café,0.5,gingembre
2171,cuillère à café,1,piment
2171,cuillère à soupe,1,huile
2171,,1,oignon jaune
2171,,1,carotte
2171,,0.25,poivron
2171,,210,thon
2171,,1,pomme de terre
2171,gousses,2,ail
2171,cuillère à soupe,1,concentré de tomates
2171,,10,eau
2171,branche,1,laurier
2171,pincée,1,poivre
2171,pincée,1,sel
2171,,0.5,sucre
2171,cuillère à café,1,piment
2171,,1,oignon
2171,gousses,2,ail
2171,cuillère à soupe,1,concentré de tomates
2171,,7,eau
2171,filet,1,huile d'olive
2172,,1,galette de blé
2172,,1,fromage frais
2172,tranches,3,chorizo
2172,,,salade
2173,,200,lardons
2173,,10,huile
2173,,,poivre
2173,pincée,1,sel
2173,sachet,1,levure
2173,,200,farine
2173,,3,oeufs
2173,,10,lait
2173,,100,gruyère
2173,,150,olives vertes
2174,,,sel
2174,,,poivre
2174,,5,tomates
2174,,,huile d'olive
2174,,,basilic
2175,,1,oignon
2175,cuillères à soupe,2,piment
2175,cuillères à soupe,2,cumin
2175,cuillères à soupe,2,curry
2175,,700,crevette rose
2175,cuillères à soupe,2,paprika
2175,cuillères à soupe,2,fenouil
2175,cuillères à soupe,6,huile d'olive
2175,,1,échalote
2176,,,coriandre
2176,,,thym
2176,,,sel
2176,,,olives noires
2176,,,laurier
2176,,,fenouil
2176,,,ail
2176,,,huile d'olive
2176,,,basilic
2176,,,serpolet
2177,,200,lardons
2177,,125,beurre
2177,cuillères à soupe,3,moutarde
2177,sachet,1,levure
2177,,100,gruyère râpé
2177,,200,farine
2177,,6,oeufs
2178,,50,beurre
2178,,,levure de boulanger
2178,,5,sel
2178,,300,farine
2178,,20,eau
2178,,1,eau
2179,,,sel
2179,,,poivre
2179,,,tabasco
2179,cuillère à soupe,1,persil
2179,cuillère à soupe,1,moutarde
2179,,0.5,piment d'Espelette
2179,pincée,1,sucre en poudre
2179,,1,feuille de laurier
2179,,3,tomates
2179,,1,oignon
2179,,500,pomme de terre
2179,cuillère à soupe,1,concentré de tomates
2179,,1,vin blanc sec
2179,,,huile d'olive
2180,,,poivre
2180,cuillères à soupe,2,vinaigre
2180,,250,anchois
2180,gousses,4,ail
2180,,2,huile d'olive
2181,,1,pâte feuilletée
2181,,75,gruyère râpé
2181,,3,saucisses
2182,,,sel
2182,,,poivre
2182,boîtes,2,sardine
2182,,100,fromage frais
2182,,2,échalotes
2182,,1,ciboulette
2183,,50,fromage râpé
2183,,100,beurre doux
2183,sachet,1,levure
2183,,225,farine
2183,,1,oignon
2183,,200,lardons
2183,,125,lait
2183,,2,oeufs
2184,,,poivre
2184,,,sel
2184,cuillère à café,0.5,piment d'Espelette
2184,cuillère à soupe,1,huile d'olive
2184,,2,avocats
2184,tranches,4,pain aux céréales
2184,gousse,1,ail
2184,,0.5,citron
2185,,,sel
2185,,5,olives
2185,,,herbes de Provence
2186,,,fromage râpé
2186,pincée,1,sel
2186,,25,huile
2186,,15,sésame
2186,,15,flocons d'avoine
2186,,15,graines de tournesol
2186,,25,graines de courge
2186,,65,farine d'épeautre
2186,,67,eau
2187,branches,2,origan
2187,,6,sauce tomate
2187,tranche,1,jambon blanc
2187,,1,pâte feuilletée
2187,boule,1,mozzarella
2187,,1,jaune d'oeuf
2188,,,sésame
2188,,15,levure
2188,,250,farine
2188,cuillère à café,1,sel
2188,cuillère à soupe,1,sucre
2188,,20,beurre
2188,,12,lait
2188,,,tomate
2188,,350,viande hachée
2188,,,toastinette
2188,,,salade
2189,cuillères à soupe,6,huile d'olive
2189,pincée,1,thym
2189,pincée,1,poivre
2189,pincée,1,sel
2189,pointe,1,piment
2189,,5,cognac
2189,,3,oignons
2189,,500,seiche
2189,gousses,3,ail
2189,,200,pulpe de tomate
2189,,15,vin blanc sec
2190,pincée,1,poivre
2190,pincée,1,sel
2190,,100,farine
2190,,1,oignon
2190,,1,oeuf
2190,,20,lait
2190,,75,chapelure
2190,branche,1,persil
2190,pincée,1,poivre
2190,pincée,1,muscade
2190,,20,crème fraîche
2190,,25,fromage frais
2190,,25,cheddar
2190,,1,citron
2191,,,sel
2191,,,huile de friture
2191,cuillère à café,1,harissa
2191,,10,levure de boulanger
2191,,400,farine
2191,,4,oeufs
2191,boîte,1,thon
2191,cuillères à soupe,2,concentré de tomates
2191,,100,olives noires
2192,,,sel
2192,,,poivre
2192,,,persil
2192,,,thym
2192,,2,tomates
2192,,1,oignon
2192,,1,bonite
2192,,2,citrons
2192,boîte,1,concentré de tomates
2192,,,girofle
2192,verre,1,vin blanc
2192,gousses,2,ail
2192,,,huile d'olive
2192,,,laurier
2193,,100,gruyère râpé
2193,tranches,4,jambon blanc
2193,,1,pâte feuilletée
2194,,,poivre
2194,,200,olives vertes
2194,filets,10,anchois
2194,,100,câpres
2194,,15,huile d'olive
2194,gousses,3,ail
2194,filet,1,jus de citron
2195,,100,beurre doux
2195,,2,escargots
2195,,250,roquefort
2195,,24,bouchées feuilletées
2196,,100,beurre
2196,barquette,1,Saint Morêt
2196,,2,oeufs
2196,,200,dés de jambon
2196,,125,gruyère
2196,,10,cornichons
2196,,1,baguette
2197,,100,beurre
2197,,2,baguettes
2197,,1,ail
2198,,,ail semoule
2198,,,sel
2198,,,fromage blanc
2198,,,menthe
2198,,,paprika
2199,,,jambon
2199,,1,bûche de chèvre
2199,,,miel
2199,pot,1,crème fraîche
2199,,50,gruyère râpé
2199,boîte,1,lardons
2199,,1,baguette
2200,,300,châtaignes
2201,,100,sucre
2201,,130,margarine
2201,cuillère à soupe,1,levure
2201,,5,sel
2201,,500,farine
2201,,250,lait
2202,,5,sel
2202,,0.25,levure de boulanger fraîche
2202,,500,farine
2202,,30,eau
2202,cuillères à soupe,3,huile d'olive
2202,cuillère à café,1,huile d'olive
2202,,1,semoule
2203,,,poivre
2203,,,sel
2203,,1,tomate
2203,,2,avocats
2203,boîte,1,thon
2203,cuillères à soupe,2,crème fraîche épaisse
2203,,1,citron
2203,,,huile d'olive
2204,,,sel
2204,,,poivre
2204,,100,gruyère râpé
2204,sachet,1,levure
2204,,150,farine
2204,,3,oeufs
2204,cuillères à soupe,2,crème fraîche épaisse
2204,,10,huile d'olive
2204,tranches,4,saumon fumé
2204,botte,1,ciboulette
2204,,1,citron
2205,,1,huile de friture
2205,,40,farine
2205,,40,chapelure
2205,,1,oeuf
2205,,1,mozzarella
2206,,100,sucre
2206,,50,vinaigre
2206,,3,clous de girofle
2206,brins,2,aneth
2206,,150,sel
2206,,2,cornichons
2206,,2,eau
2206,brins,2,estragon
2206,,1,petit piment
2206,,25,eau
2206,,25,vin blanc sec
2207,,,sel
2207,,,poivre
2207,petite boîte,1,tomates concassées
2207,,100,gruyère râpé
2207,,10,huile
2207,sachet,1,levure chimique
2207,,100,farine
2207,,3,oeufs
2207,,100,olives vertes
2207,boîte,1,thon
2207,,,herbes de Provence
2208,,1,pâte brisée
2209,cuillère à café,1,aneth
2209,cuillères à café,5,crème fraîche
2209,tranches,6,pain de mie
2209,tranches,3,saumon fumé
2209,cuillères à café,2,jus de citron
2210,bouquet,1,persil
2210,,1,baguette
2210,,100,beurre salé
2210,gousses,4,ail
2211,,,sel
2211,,,poivre
2211,pointe,1,curry
2211,,12,tomates séchées
2211,sachet,1,levure
2211,,200,farine
2211,,4,oeufs
2211,,10,lait
2211,,5,huile d'olive
2211,,200,feta
2211,,15,olives vertes
2212,,1,baguette
2212,tranches,4,jambon cru
2212,tranches,6,tome de brebis
2212,cuillères à soupe,4,confiture
2213,,,poivre
2213,,50,gruyère râpé
2213,,50,farine
2213,,30,beurre
2213,,25,lait
2213,,1,oeuf
2213,,1,jaune d'oeuf
2213,,0.5,chorizo
2214,,,poivre
2214,,,sel
2214,pincée,1,muscade
2214,,80,beurre
2214,,150,farine
2214,,150,gruyère râpé
2214,,4,oeufs
2215,,,sel
2215,,,poivre
2215,,,cumin
2215,,,curry
2215,,2,oignons
2215,,2,tomates
2215,feuilles,5,brick
2215,boîtes,2,thon
2215,gousses,3,ail
2215,,1,jaune d'oeuf
2216,,,poivre
2216,cuillère à café,1,sel
2216,cuillères à soupe,2,huile d'olive
2216,pincée,1,bicarbonate
2216,,200,pois chiches
2216,gousses,2,ail
2217,,,piment
2217,,,curry
2217,,,fromage blanc
2217,tranches,2,jambon
2217,,10,galettes (bretonnes)
2217,,100,saumon fumé
2217,,100,poulet
2217,,,rillettes
2217,,1,fromage de chèvre
2217,,3,tomates confites à l’huile
2217,,,mayonnaise
2217,,,ciboulette
2217,,,menthe
2217,,,herbes de Provence
2218,,,sel
2218,,,poivre
2218,sachet,1,levure chimique
2218,,100,lardons
2218,,2,carottes
2218,,100,fromage râpé
2218,,10,huile
2218,,180,farine
2218,,3,oeufs
2218,,10,lait
2219,,150,farine
2219,,75,beurre
2219,,75,gruyère râpé
2219,pincée,1,sel
2219,,25,eau
2219,,4,oeufs
2220,,,sel
2220,,,poivre
2220,,500,asperge
2220,,250,mascarpone
2220,pot,1,oeuf de lump
2220,,1,oeuf
2220,,,pavot
2221,cuillère à café,0.5,poivre
2221,cuillère à café,0.5,sel
2221,botte,0.5,oignon
2221,,300,épaule
2221,cuillère à soupe,1,glutamate
2221,cuillère à café,1,manioc
2221,pincée,1,sel
2221,,300,farine
2222,,,sel
2222,,,poivre
2222,paquet,1,noix
2222,briquette,1,crème fraîche
2222,feuilles,18,endive
2222,,200,bleu
2222,,,salade
2223,,1,pâte feuilletée
2223,tranches,4,saumon fumé
2223,cuillères,2,lait
2224,pot,1,pesto
2224,,2,pâtes feuilletées
2224,,1,jaune d'oeuf
2225,,,sel
2225,,,poivre
2225,,,thym
2225,,100,farine
2225,,1,courgette
2225,,3,krisprolls
2225,,1,oeuf
2225,,15,lait
2226,,,sel
2226,,,poivre
2226,cuillère à soupe,1,persil
2226,,100,gruyère râpé
2226,,150,crème fraîche
2226,,50,beurre
2226,pincées,2,cumin
2226,,24,amandes
2226,,25,vin blanc sec
2226,,4,échalotes
2227,filet,1,vinaigre balsamique
2227,,3,tomates cerise
2227,tranche,1,jambon blanc
2227,,0.5,carotte
2227,,50,chèvre frais
2227,,1,tortilla
2227,feuille,,salade
2227,lamelle,,concombre
2227,brins,5,ciboulette
2228,,,sel
2228,,1,pâte feuilletée
2228,gousse,1,ail
2228,poignée,1,basilic frais
2228,cuillères à soupe,3,huile d'olive
2229,,1,pâte feuilletée
2229,,300,saumon fumé
2229,,1,oeuf
2230,,,sel
2230,grosse,1,pois chiches
2230,cuillères à soupe,2,tahiné
2230,,2,citrons
2230,gousse,1,ail
2231,,100,farine
2231,,100,beurre
2231,,100,Parmesan
2232,cuillère à café,1,chili
2232,,1,piment
2232,,1,poivron vert
2232,,1,oignon
2232,,60,cheddar
2232,,1,piment vert
2232,,200,crème épaisse
2233,,150,Parmesan
2233,,,pavot
2234,cuillères à soupe,2,aneth
2234,,100,emmental
2234,,250,tomates cerise
2234,cuillères à soupe,4,maïzena
2234,,4,oeufs
2234,,20,crème allégée
2234,,25,lait
2234,bouquet,1,basilic
2235,,,muscade
2235,,,poivre
2235,,,sel
2235,,100,gruyère râpé
2235,tranches,3,jambon
2235,,20,crème fraîche
2235,,1,pâte feuilletée
2236,,1,betterave
2236,,1,citron
2236,gousse,1,ail
2236,bouquet,0.5,persil
2236,,260,pois chiches
2236,brin,,coriandre
2236,cuillère à soupe,1,tahin
2236,cuillère à soupe,1,crème fraîche épaisse
2236,,,graines de courge
2236,,,huile d'olive
2236,,,poivre
2236,,,sel
2237,,,sel
2237,verre,0.75,huile de tournesol
2237,,250,farine
2237,verre,0.75,eau
2237,,2,soubressades
2237,,1,jaune d'oeuf
2238,,,sel
2238,,1,huile d'arachide
2238,,1,piment
2238,cuillères à soupe,2,persil
2238,,1,oignon
2238,,200,farine
2238,,250,morue
2238,,1,oeuf
2238,cuillères à soupe,4,lait
2238,gousse,1,ail
2239,,,huile de friture
2239,,,huile
2239,,,sel
2239,,,poivre
2239,,,huile de friture
2239,,4,tomates
2239,,2,poivrons verts
2239,,1,pâte à pizza
2239,gousses,2,ail
2239,,130,thon
2239,,210,câpres
2239,,2,oeufs
2239,,12,olives noires
2240,,,huile
2240,,30,farine
2240,cuillère à café,1,moutarde
2240,cuillère à café,1,gingembre
2240,,12,oeufs de caille
2240,,300,blanc de poulet
2240,cuillère à soupe,1,ciboulette
2240,,1,oeuf
2240,,50,chapelure
2241,,,fleur de sel
2241,,,poivre
2241,,1,poivron vert
2241,,1,poivron jaune
2241,,1,poivron rouge
2241,,,huile d'olive
2241,bouquet,1,basilic frais
2242,,,thym
2242,branche,,romarin
2242,,,miel
2242,tranches,10,jambon blanc
2242,,,noix
2242,,,chèvre frais
2242,moitié,1,Brie
2242,,1,crottin de chèvre
2242,,,cranberries
2242,,,pistaches
2242,,,amandes
2242,tranches,10,jambon cru
2242,tranches,10,mortadelle
2242,tranches,40,chorizo
2242,tranches,40,saucisson sec
2242,,2,pommes
2242,,,grenade
2242,,,cracker
2243,cuillères à soupe,2,moutarde
2243,,1,pâte feuilletée
2243,,,knacki
2244,,,huile
2244,,1,carotte
2244,,1,betterave
2244,,1,panais
2244,,,herbes
2245,,,huile d'olive
2245,,,poivre
2245,,,sel
2245,,3,courgettes
2245,,,ail
2245,,1,beurre
2245,tranches,6,jambon blanc
2245,,,sel
2245,,,poivre
2245,,,concentré de tomates
2245,,,échalote
2245,verres,2,vin blanc sec
2246,,,sel
2246,,,poivre
2246,,,huile d'olive
2246,cuillères à café,3,curry
2246,,800,escalope de poulet
2246,,3,citrons
2247,,,cumin
2247,,,miel
2247,,2,bûches de chèvre
2247,tranches,8,pain
2248,cuillère à soupe,1,beurre
2248,cuillère à soupe,1,levure chimique
2248,,230,farine
2248,pincée,1,sel
2248,,3,oeufs
2248,,50,lait
2249,,100,pain d'épices
2249,,100,Foie gras
2250,pincée,1,piment
2250,,130,chèvre frais
2250,,150,chorizo
2250,cuillères à soupe,3,coulis de tomate
2250,cuillère à soupe,1,concentré de tomates
2250,feuilles,10,basilic
2251,,,sésame
2251,cuillère à café,1,sel
2251,,200,farine
2251,,50,huile d'olive
2251,,60,vin blanc sec
2252,,100,gruyère râpé
2252,,1,pâte feuilletée
2252,tranches,4,saumon fumé
2253,,1,sauce tomate
2253,,70,gruyère râpé
2253,,1,pâte feuilletée
2253,demi,1,chorizo
2253,,1,oeuf
2254,,0.5,cube de bouillon
2254,,,thym
2254,,,sel
2254,,,poivre
2254,,5,tomates séchées
2254,,250,ricotta
2254,,24,conchiglioni
2254,,100,speck
2254,,1,oeuf
2254,,20,Parmesan
2254,,2,échalotes
2254,cuillère à soupe,1,huile d'olive
2254,,,basilic
2254,pincée,1,ail
2255,,,poivre
2255,tranches,4,lard fumé
2255,,4,cervelas
2255,,100,gruyère
2256,filet,1,huile
2256,pincée,1,gros sel
2256,,18,oeufs de caille
2256,,100,pignons
2256,,100,chapelure
2257,,,sel
2257,,,poivre
2257,,125,farine
2257,,100,lardons fumés
2257,,100,gruyère râpé
2257,sachet,1,levure
2257,,2,oignons
2257,,100,fromage blanc
2257,,3,oeufs
2257,cuillère à soupe,1,concentré de tomates
2258,boîte,1,pêche
2258,grosse,1,thon
2258,cuillères à soupe,5,mayonnaise
2259,,3,bicarbonates
2259,,1,graines de lupin
2259,,3,eau
2259,,3,eau
2260,tranches,4,jambon blanc
2260,,,salade
2260,,1,fromage ail et fines herbes
2260,,4,fajitas
2261,,,poivron vert
2262,,2,tomates
2262,tranches,4,jambon
2262,,1,baguette
2262,gousse,1,ail
2263,cuillère à café,1,origan
2263,cuillère à café,1,levure chimique
2263,,100,beurre tendre
2263,,150,farine
2263,,150,dés de jambon
2263,,100,parmesan râpé
2263,,1,oeuf
2263,,1,échalote
2264,cuillère à café,,sel
2264,,150,emmental
2264,,6,huile de tournesol
2264,,500,farine de manioc
2264,,2,oeufs
2264,,30,lait
2264,,100,mozzarella
2264,,100,parmesan râpé
2265,pincée,1,poivre
2265,pincée,1,sel
2265,,1,pâte feuilletée
2265,,100,emmental
2265,,1,chorizo
2265,,100,Parmesan
2265,,1,oeuf
2266,,,orange
2266,,,persil
2266,,200,tomate séchée
2266,gousses,3,ail
2266,filets,5,anchois
2266,,50,câpres
2267,branche,,persil
2267,sachet,1,pain de mie
2267,,30,crevettes
2267,pot,1,fromage frais
2267,,6,clémentines
2268,,1,clou de girofle
2268,,5,poivre
2268,,3,feuilles de laurier
2268,,1,cornichons
2268,branche,,fenouil
2268,,,eau
2269,cuillère à soupe,1,pesto
2269,boîte,1,fond d'artichaut
2269,cuillères à soupe,3,huile d'olive
2269,cuillère à café,1,jus de citron
2269,feuilles,10,basilic
2269,,,sel et poivre
2270,paquet,1,galette
2271,sachet,1,fromage râpé
2271,paquet,1,tortilla chips
2272,pincée,1,sel
2272,cuillère à café,1,piment
2272,,1,brocoli
2272,cuillères à soupe,4,huile d'olive
2272,gousses,3,ail
2272,,30,Parmesan
2272,,0.5,citron
2272,,40,amandes effilées
2273,branche,1,thym
2273,pincée,1,poivre
2273,grosse,1,sel
2273,,100,tomate séchée
2273,gousse,1,ail
2273,gousse,1,échalote
2273,branche,1,sarriette
2273,,25,huile d'olive
2274,,,sel
2274,,,poivre
2274,,50,beurre
2274,,500,mousseron
2274,,15,crème liquide
2274,,1,jaune d'oeuf
2274,,,ciboulette
2275,cuillères à café,4,pesto
2275,,2,tomates
2275,,1,pomme
2275,cuillères à soupe,2,huile d'olive
2275,cuillères à café,2,basilic
2276,,350,courgette
2276,cuillères à soupe,9,huile
2276,,45,gruyère râpé
2276,sachet,1.5,levure chimique
2276,,240,farine
2276,,6,oeufs
2276,,180,chorizo
2277,,,crème fraîche
2277,tranches,10,chorizo
2277,,12,noix de saint-jacques
2278,filet,1,huile d'olive
2278,,100,crevette rose
2278,branche,1,basilic
2278,branche,1,aneth
2278,pincée,1,poivre
2278,pincée,1,sel
2278,,200,fromage blanc
2278,,200,saumon fumé
2278,cuillères à soupe,2,crème fraîche
2278,,1,potiron
2278,pincée,1,paprika
2278,pincée,1,sel
2278,branche,1,persil
2278,,2,betteraves
2278,,100,petits pois
2278,gousse,1,ail
2279,,,sel
2279,,1,oignon
2279,branche,,coriandre
2279,,2,avocats
2279,,1,citron vert
2280,,,huile d'olive
2280,,,origan
2280,,,tomate
2280,tranches,8,pain de campagne
2280,boules,2,mozzarella
2281,,1,tomates cerise
2281,,150,mozzarella
2281,,,basilic frais
2282,tranches,5,jambon
2282,,150,boursin
2283,,200,fromage blanc
2283,,200,chèvre frais
2283,,3,betteraves
2283,bouquets,12,mâche
2283,cuillères à soupe,2,huile d'olive
2283,,,basilic
2283,,12,biscuits apéritifs
2284,,,huile
2284,,1,courgette
2284,,,piment
2284,,,gingembre
2284,,,sel
2284,,,poivre
2284,,100,farine
2284,,1,jaune d'oeuf
2284,,10,eau
2284,,,paprika
2285,,,persil
2285,,,sel
2285,,,poivre
2285,,2,avocats
2285,cuillères à café,4,jus de citron
2285,,200,fromage frais
2285,,6,oignons cébettes
2285,,1,baguette
2285,pincée,1,paprika
2286,,1,piment
2286,,,poivre blanc
2286,,,poivre blanc
2286,,,feuille de laurier
2286,,,escargot
2286,,,céleri
2287,,200,melon
2287,,400,jambon cru
2288,,,huile d'olive
2288,,2,yaourts
2288,,2,poivrons rouges
2288,,,feta
2288,gousse,1,ail
2288,,,paprika
2289,sachet,1,gruyère râpé
2289,,1,origan
2289,,1,pâte feuilletée
2289,,1,jaune d'oeuf
2290,cuillère à café,0.5,sel
2290,,120,farine
2290,,75,beurre
2290,,20,eau
2290,,3,oeufs
2290,,,sel
2290,,,poivre
2290,cuillères à soupe,3,huile d'olive
2290,branche,,thym
2290,grosses,2,miel liquide
2290,,5,chèvre frais
2290,tranches,2,jambon blanc
2290,tranches,3,saumon fumé
2290,cuillère à soupe,1,tarama
2290,pot,1,fromage
2291,,,poivre
2291,,100,parmesan râpé
2292,,,tomates cerise
2292,,1,melon
2292,,,curry
2292,,1,pain
2292,boîte,1,fromage frais
2292,,,basilic frais
2292,,,menthe
2292,paquets,2,jambon cru
2292,boîte,1,feta
2292,,1,pastèque
2292,,,mini mozzarella
2292,,1,olives noires
2293,,150,algue dulse
2293,,150,laitue
2293,,,citron
2293,,1,échalote
2293,gousses,2,ail
2293,,5,cornichons
2293,verre,1,huile d'olive
2294,,500,gros sel
2294,,1,vinaigre
2294,morceau,1,gingembre
2294,cuillère à café,1,coriandre
2294,,,safran
2294,,250,carotte
2294,,250,oignon
2294,,250,tomate verte
2294,,2,poivrons rouges
2294,moitié,,chou-fleur
2294,,250,cornichons
2294,,200,haricots verts
2294,,1,huile d'olive
2294,,10,petit piment
2294,,1,citron
2295,,,sel
2295,,15,huile d'olive
2295,pincée,1,piment de Cayenne
2295,cuillères à café,2,curry
2295,cuillères à café,4,cumin
2295,cuillères à café,4,gingembre
2295,,4,courgettes
2295,cuillères à café,4,paprika
2295,zeste,1,citron
2296,,,sel
2296,cuillère à café,1,piment
2296,,1,gingembre
2296,,3,oignons
2296,,3,carottes
2296,,500,viande hachée
2296,,100,petits pois
2296,,3,pommes de terre
2296,,2,piments verts
2296,gousse,0.75,ail
2296,paquet,1,brick
2297,,,sel
2297,,,cumin
2297,,1,carotte
2297,cuillère,1,crème épaisse
2298,,,sel
2298,,,huile de friture
2298,,1,aubergine
2298,,1,oeuf
2298,,50,chapelure
2298,,30,Parmesan
2299,,600,épinards
2299,,3,oeufs
2299,,1,faisselle
2299,,1,boursin
2299,belles,4,saumon fumé
2300,,30,beurre
2300,,200,farine
2300,,5,sel
2300,,40,eau
2300,zeste,,citron
2300,,15,vin rouge
2300,bouquet,1,coriandre
2300,,1,oignon
2300,,400,viande
2300,cuillère,,huile d'olive
2300,gousses,3,ail
2300,,2,oeufs
2300,,250,chapelure
2300,,1,jus de citron
2300,cuillère,1,maïzena
2300,,400,crevettes
2300,,20,lait
2301,cuillère à soupe,1,fromage blanc
2301,grosse,1,thon
2301,boîte,1,carré frais
2301,,,citron
2301,,,sel
2301,,,poivre
2301,,,basilic
2301,,,ciboulette
2302,,,gros sel
2302,,4,boudins blancs
2302,,60,Foie gras
2302,,,Confiture de figue
2303,pincées,2,sel
2303,,1,ail
2303,cuillère à soupe,1,huile d'olive
2304,,250,tomates cerise
2304,,250,sucre
2304,,7.5,eau
2304,gouttes,3,citron
2305,pincée,1,poivre
2305,branche,1,thym
2305,,120,comté
2305,cuillère à soupe,1,huile
2305,pincée,1,sel
2305,sachet,0.5,levure
2305,,150,farine
2305,,10,lait
2305,,1,oeuf
2305,,50,bacon
2306,,,huile
2306,,,poivre
2306,,,sel
2306,,,muscade
2306,cuillères à soupe,2,farine
2306,,100,gruyère râpé
2306,,125,riz
2306,,1,oeuf
2306,,,carvi
2307,tranche,1,jambon
2307,pincée,1,cumin
2307,,75,beurre
2307,,50,farine
2307,,50,amandes en poudre
2307,cuillère,0.5,café
2307,,4,blancs d'oeuf
2307,,5,cornichons
2308,,1,aneth
2308,,2,pâtes feuilletées
2308,tranches,4,saumon fumé
2308,,180,fromage frais
2308,filet,1,jus de citron
2308,,1,oeuf
2309,cuillère à soupe,1,persil
2309,cuillère à soupe,1,vinaigre balsamique
2309,,1,oignon
2309,,2,aubergines
2309,gousse,1,ail
2309,cuillère à soupe,1,concentré de tomates
2309,cuillère à soupe,1,huile d'olive
2309,cuillère à soupe,1,jus de citron
2309,cuillère à soupe,1,marjolaine
2310,,,vinaigre d'alcool
2310,,,piment
2310,,,oignon
2310,,,tomate verte
2310,,,estragon
2310,,,cerfeuil
2310,,,poivre en grains
2311,,15,champignons de Paris
2311,boîte,1,fromage frais
2312,,,fleur de sel
2312,cuillère à soupe,1,sucre en poudre
2312,cuillère à soupe,1,sel
2312,sachet,1,levure de boulanger
2312,,500,farine
2312,,30,eau
2312,cuillères à soupe,8,huile d'olive
2313,,,fleur de sel
2313,,10,noix de saint-jacques
2313,cuillères à soupe,2,jus de citron
2313,cuillères à soupe,2,huile d'olive
2313,,,mélange 5 baies
2314,,,sel
2314,,,poivre
2314,,20,crème fraîche
2314,boîtes,2,sardine
2314,,1,citron
2314,,,ciboulette
2315,,,sel
2315,,,poivre
2315,,186,thon
2315,cuillères à soupe,4,crème fraîche épaisse
2315,cuillère à soupe,1,huile d'olive
2315,,0.5,citron
2316,,3,pommes de terre
2316,,5,feuilles de brick
2316,,250,emmental
2316,,100,ciboulette
2316,pincée,1,cumin
2316,,,eau
2317,,500,farine
2317,cuillère à soupe,1,farine
2317,pincée,1,sel
2317,cuillères à café,2,sucre
2317,,20,levure
2317,,15,eau
2317,,2,oeufs
2317,cuillères à soupe,3,huile d'olive
2317,cuillère à soupe,1,eau de fleur d'oranger
2317,,,huile de friture
2317,,,sucre glace
2318,,,sel
2318,,,poivre
2318,,,huile d'olive
2318,branche,,persil
2318,,500,champignons de Paris
2318,gousses,3,ail
2318,,1,citron
2319,,,sel
2319,,,poivre
2319,,30,beurre
2319,,35,farine
2319,,2,blancs d'oeuf
2319,,,moutarde
2319,,,gruyère râpé
2319,,,roquefort
2319,,,herbes de Provence
2320,,12,tomates cerise
2320,,2,carottes
2320,,1,fenouil
2320,branche,1,céleri
2320,,12,radis
2320,,,poivre
2320,,,sel
2320,,,persil
2320,,,huile d'olive
2320,,1,yaourt nature
2320,,0.5,citron
2321,cuillères à soupe,2,sucre de canne
2321,cuillères à soupe,4,miel
2321,,3,sel
2321,,5,levure
2321,,600,farine
2321,,600,porc
2321,cuillères à soupe,6,sauce d'huître
2321,cuillères à soupe,6,sauce soja
2321,cuillères à soupe,12,anisette
2322,,,tomate
2322,cuillère à soupe,1,oignon
2322,cuillères à soupe,3,farine
2322,,3,rocamadour
2322,,1,oeuf
2322,cuillères à soupe,3,chapelure
2322,cuillères à soupe,2,huile d'olive
2322,,1,galette de blé
2322,feuille,1,salade
2322,,,coriandre
2322,,,persil
2322,pincée,1,poivre
2322,pincée,1,sel
2322,,1,yaourt
2323,,,beurre
2323,,600,crevette rose
2323,gousse,1,ail
2323,,,huile d'olive
2323,,,chapelure
2324,,,poivre
2324,,,sel
2324,cuillère à café,0.5,cumin
2324,cuillère à café,1,sucre
2324,cuillère à café,1,levure
2324,,200,farine
2324,,70,beurre
2324,,200,carotte
2324,,2,oeufs
2324,,15,lait
2324,,60,Parmesan
2325,paquet,1,pruneau
2325,paquet,1,lard
2326,botte,1,persil
2326,cuillères à soupe,2,huile
2326,,,sel
2326,cuillère à soupe,1,vinaigre
2326,,20,anchois
2326,gousses,2,ail
2327,pincée,1,sel
2327,,125,beurre
2327,,250,farine
2327,,5,eau
2327,cuillère à soupe,1,huile
2327,,,thym
2327,,,sel
2327,,,poivre
2327,pincée,1,curry
2327,,1,piment
2327,branche,,persil
2327,,0.5,oignon
2327,,100,viande hachée
2327,gousses,2,ail
2328,cuillères à café,4,crème fraîche
2328,,70,saumon fumé
2328,,50,fromage ail et fines herbes
2328,,100,fromage frais
2329,cuillères à soupe,2,aneth
2329,,200,saumon fumé
2329,cuillères à café,2,baies roses
2329,,1,avocat
2329,,,citron
2330,cuillères à soupe,5,miel
2330,,500,porc
2330,,20,sauce soja
2330,,5,pastis
2331,boîte,1,thon
2331,,1,fromage ail et fines herbes
2331,,1,citron
2332,,100,fromage râpé
2332,cuillères à soupe,2,huile d'olive
2332,,200,sauce bolognaise
2332,,2,pâte brisée
2332,,200,sauce italienne
2332,,,herbes de Provence
2332,,10,olives noires
2333,,200,lentilles vertes
2333,tranches,6,saumon fumé La Petite Fabrique du Saumon Fumé®
2333,,2,échalotes
2333,cuillère à soupe,1,citron
2333,zeste,1,citron
2333,cuillères à soupe,2,huile d'olive
2333,,10,crème fraîche liquide
2333,,400,fromage de chèvre
2333,brins,5,ciboulette
2333,branche,1,aneth
2333,,,sel et poivre
2334,,150,gruyère râpé
2334,tranches,4,jambon blanc
2334,,1,pâte brisée
2334,,1,concentré de tomates
2335,,100,gruyère râpé
2335,cuillère à café,0.5,sel
2335,sachet,1,levure
2335,,15,huile de tournesol
2335,,300,farine
2335,,1,yaourt nature
2335,,4,oeufs
2336,,24,tomates cerise
2336,cuillères à soupe,2,crème fraîche
2336,,100,roquefort
2336,,100,jambon
2336,,100,fromage frais
2336,,,ciboulette
2336,tranches,2,saumon
2337,pincée,1,sel
2337,,3,safran
2337,,100,carotte
2338,,1,pâte feuilletée
2338,,4,saucisses de Strasbourg
2338,,4,fromages de chèvre
2338,,1,jaune d'oeuf
2339,,,fromage râpé
2339,,,poivre
2339,,,sel
2339,,200,farine
2339,,100,beurre
2339,,2,oeufs
2339,,1,jaune d'oeuf
2339,,10,lait
2339,,10,eau
2339,,,herbes aromatiques
2340,cuillère à café,0.5,sel
2340,,,huile
2340,cuillère,1,levure de boulanger
2340,cuillère à soupe,1,sucre
2340,,500,farine
2340,,1,oeuf
2340,sachet,1,sucre vanillé
2340,,1,eau
2340,,,sucre en grain
2341,,250,farine
2341,,,sel
2341,,,poivre
2341,,,huile d'olive
2341,,,persil
2341,pincée,1,sel
2341,cuillère,1,huile d'olive
2341,,10,eau
2341,botte,1,blette
2341,,2,oeufs
2341,,50,riz
2341,,0.5,oignon blanc
2341,,,parmesan râpé
2342,,,farine
2342,bâtons,8,comté
2342,,2,oeufs
2342,,,chapelure
2343,,,farine
2343,,,piment d'Espelette
2343,,,sel
2343,,250,crème
2343,,150,blanc d'oeuf
2343,,,poisson
2343,,150,jaune d'oeuf
2343,,,chapelure
2343,botte,0.5,aneth
2343,,200,huile de tournesol
2343,cuillère à soupe,1,moutarde
2343,,45,jaune d'oeuf
2343,botte,0.5,estragon
2343,botte,0.5,ciboulette
2344,,1,pesto
2344,,1,pâte feuilletée
2344,,,Parmesan
2344,,25,pignons
2345,,,poivre
2345,,,sel
2345,,300,yaourt à la grecque
2345,,0.5,concombre
2345,gousse,1,ail
2345,cuillères à café,2,ciboulette
2346,pincée,1,sel
2346,sachet,1,levure chimique
2346,,100,gruyère râpé
2346,,150,farine
2346,,12.5,lait
2346,,3,oeufs
2346,boîte,1,rillettes
2346,,70,raisins secs
2347,,,vinaigre d'alcool
2347,,12,poivre
2347,,1,oignon
2347,branche,1,estragon
2347,,1,petit piment
2348,cuillère à soupe,1,sel
2348,sachets,2,levure
2348,,750,farine
2348,,0.5,lait
2348,,,jambon
2348,,,saucisson
2348,,,pâté
2348,,,fromage frais
2349,cuillère à soupe,1,miel
2349,,20,beurre
2349,,1,pâte feuilletée
2349,,3,pommes
2349,,2,boudins blancs
2350,,1,pâte feuilletée
2350,,,saucisse de Strasbourg
2350,,,amandes
2350,,1,jaune d'oeuf
2351,bouquet,1,persil
2351,cuillères à soupe,4,crème fraîche
2351,,0.5,potimarron
2351,gousse,1,ail
2351,cuillères à soupe,5,fromage ail et fines herbes
2351,feuille,,basilic
2352,pot,1,purée de tomate
2352,tranches,4,jambon
2352,,4,tortillas
2352,pot,1,guacamole
2353,,,poivre
2353,,,sel
2353,cuillères à soupe,3,crème fraîche
2353,,1,chorizo
2353,,6,fromage frais
2354,,,sel
2354,,800,patate douce
2355,,,sel
2355,,,poivre
2355,,1,oignon
2355,cuillère à café,1,huile d'olive
2355,boîte,1,thon
2355,cuillères à soupe,2,concentré de tomates
2355,,3,oeufs
2355,,10,crème épaisse
2355,,50,Parmesan
2355,cuillère à café,0.5,paprika
2356,,,sel
2356,,,poivre
2356,,,origan
2356,,8,tomates
2356,,,huile d'olive
2356,,,ail
2356,,,basilic frais
2356,tranches,4,pain
2357,,25,huile d'arachide
2357,,2,bananes
2358,bonne,1,levure
2358,cuillère à café,1,sucre
2358,cuillère à café,1,sel
2358,,250,farine
2358,verre,1,eau
2358,cuillères à soupe,2,huile d'olive
2358,,190,sauce tomate
2358,,70,gruyère
2358,,130,champignon
2358,boule,0.5,mozzarella
2359,,,huile
2359,,4,tomates séchées
2359,,,piment d'Espelette
2359,,,poivre
2359,,,fleur de sel
2359,,4,fonds d'artichaut
2359,,,ciboulette
2359,cuillères à café,4,Parmesan
2359,,1,ail
2359,,1,crème
2359,,,huile d'olive
2360,,,épices
2360,,,poivre
2360,,,sel
2360,,,pomme de terre
2361,,,huile d'olive
2361,,,piment
2361,,1,aubergine
2361,,1,poivron
2362,,,curry
2362,,,poivre
2362,,,sel
2362,,1,beurre
2362,,8,crevettes
2362,tranches,2,ananas
2362,,8,tomates cerise
2362,,8,champignons de Paris
2362,,150,chair à saucisse
2362,cuillère à soupe,1,huile d'olive
2362,,0.25,courgette
2362,gouttes,2,tabasco
2362,,150,boeuf haché
2362,,1,oeuf
2362,tranche,1,pain de mie
2362,cuillère à café,1,sauce worcestershire
2362,cuillères à soupe,2,sauce barbecue
2362,,2,abricots
2362,,4,chorizo
2362,,50,tome de brebis
2362,tranche,1,jambon cru
2363,goutte,,tabasco
2363,cuillères à café,2,moutarde
2363,,3,avocats
2363,,140,thon
2363,,1,citron
2364,,200,gruyère râpé
2364,,150,jambon
2364,cuillères à soupe,2,moutarde
2364,,80,beurre tendre
2364,,1,baguette
2364,,150,fromage frais
2364,cuillères,3,câpres
2364,,2,oeufs
2365,,,huile de friture
2365,,,sel
2365,,1,oignon
2365,cuillère à café,1.5,thym
2365,botte,0.25,coriandre
2365,cuillères à soupe,2,farine de blé
2365,cuillères à soupe,3,farine de pois chiches
2365,,1,oeuf
2365,,,eau
2366,,,huile d'olive
2366,bocal,1,olives vertes
2366,gousse,1,ail
2366,,,basilic
2367,,,margarine
2367,,300,farine de blé
2367,cuillère à soupe,1,beurre
2367,,2,cubes de bouillon
2367,,24,eau
2367,,48,lait
2367,,2,pommes de terre
2367,,,huile de friture
2367,,,chapelure
2367,,2,oeufs
2367,,1,oignon
2367,cuillères à soupe,2,huile d'olive
2367,,1.5,poulet
2367,cuillères à soupe,3,fromage
2367,gousses,2,ail
2367,,,maïs
2368,,,emmental
2368,,1,pâte feuilletée
2368,,,herbes de Provence
2369,,,sel
2369,,,poivre
2369,,20,beurre
2369,cuillères à soupe,2,huile de tournesol
2369,,2,oignons
2369,,2,carottes
2369,,3,aubergines
2369,,,chips
2370,,,sel
2370,cuillères à soupe,2,huile d'olive
2370,,70,farine de pois chiches
2370,,30,eau
2371,cuillère à soupe,1,crème fraîche
2371,pincée,1,sel
2371,,20,levure de boulanger
2371,,150,farine
2371,,150,farine de sarrasin
2371,,3,oeufs
2371,,50,lait
2372,,4,pommes
2373,,80,Râpé Spécial Pizza Entremont®
2373,,1,pâte feuilletée
2373,tranches,2,jambon blanc
2373,petite boîte,1,maïs
2373,bocal,1,olives vertes
2373,,70,sauce tomate
2373,,,graines de sésame
2373,,1,jaune d'oeuf
2374,,,poivre
2374,,2,Saint Morêt
2374,cuillères à soupe,4,crème liquide
2374,bouquet,1,ciboule
2375,,,sel
2375,,,poivre
2375,,0.5,poivron vert
2375,pincée,1,piment
2375,,200,lardons
2375,,4,oignons
2375,,500,pomme de terre
2375,,10,oeufs
2376,,,poivre
2376,,,sel
2376,,2,courgettes
2376,,50,olives vertes
2376,cuillères,2,huile d'olive
2376,gousses,3,ail
2377,,,persil
2377,,200,vinaigre
2377,,200,vin blanc sec
2377,cuillère,1,café
2377,,200,ail
2377,filet,1,huile d'olive
2377,feuilles,2,basilic
2377,,1,échalote
2378,,,sel
2378,,,poivre
2378,cuillère à soupe,1,curcuma
2378,,2,étoiles de badiane
2378,,4,artichauts
2378,,2,citrons
2378,bâton,1,réglisse
2379,cuillère à café,1,ail semoule
2379,,100,jambon blanc
2379,,1,carré frais
2379,,10,crème liquide
2379,,,paprika
2379,,1,huile
2379,cuillère à café,1,ail semoule
2379,pot,1,tomate séchée
2379,poignée,1,pignons
2379,poignée,1,parmesan râpé
2380,cuillère à café,1,miel
2380,cuillère à café,1,sucre de canne
2380,,1,beurre
2380,,1,poire
2380,,25,Foie gras
2380,,,mélange 4 épices
2381,,,piment
2381,,,safran
2381,,,vinaigre de cidre
2381,,,persil
2381,,,moules
2381,,,huile d'olive
2381,,,citron
2381,,,ail
2381,,,herbes de Provence
2381,,,échalote
2382,,,sel
2382,bâtons,12,surimi
2382,,0.5,jus de citron
2382,,0.5,échalote
2382,,200,fromage frais
2382,,,ciboulette
2383,cuillère à café,1,moutarde
2383,,4,pains au lait
2383,,1,oignon rouge
2383,,4,saucisses de Strasbourg
2383,cuillère à soupe,1,ketchup
2383,cuillère à soupe,1,mayonnaise
2384,,,canard
2384,,,canard
2385,,3,carottes
2385,,1,poivron rouge
2385,,1,chou
2385,,1,chou-fleur
2385,botte,1,radis
2385,grosse,1,coeur de palmier
2385,,2,concombres
2385,,,jus de citron
2386,,,sel
2386,,,poivre
2386,cuillère à café,1,levure chimique
2386,,75,gruyère râpé
2386,,75,beurre
2386,,50,maïzena
2386,,100,farine
2386,,3,jaunes d'oeuf
2386,cuillères à soupe,3,eau
2387,,60,beurre
2387,,0.5,Reblochon de Savoie AOP
2387,,0.5,chorizo
2387,,150,farine
2387,,80,amandes en poudre
2387,cuillère à café,1,levure
2387,,1,oeuf
2387,,10,tomates séchées
2388,,,épices
2388,filet,1,huile d'olive
2388,botte,1,asperge
2388,,,jus de citron
2388,,,ail
2388,,,ciboulette
2389,,,sel
2389,,,poivre
2389,,100,jambon
2389,,0.5,concombre
2389,,10,fromage frais
2389,,7,lait
2390,sachet,1,olives vertes
2390,,1,ail
2390,feuille,,basilic
2390,,1,concentré de tomates
2390,cuillères à soupe,5,huile d'olive
2391,,,huile de friture
2391,,,sel
2391,verres,2,farine
2391,bouquet,1,persil
2391,,1,oignon
2391,,4,blette
2391,gousse,1,ail
2391,,2,oeufs
2391,verres,2,lait
2392,tranches,4,saumon fumé La Petite Fabrique du Saumon Fumé®
2392,,1,radis noir
2392,cuillère à soupe,1,wasabi
2392,,12.5,crème fraîche
2392,cuillères à soupe,2,mascarpone
2392,,1,citron vert
2392,brins,3,menthe
2392,,,sel
2393,bouquet,0.5,persil
2393,,24,Bretzels
2393,,8,fromages
2394,,1,concombre
2394,boîte,1,fromage ail et fines herbes
2395,,2,tomates
2395,,2,aubergines
2395,,2,poivre
2395,sachet,1,levure
2395,,150,farine
2395,,3,oeufs
2395,,8,huile d'olive
2395,,12.5,lait
2395,,100,feta
2395,,,herbes de Provence
2396,,3,endives
2396,,100,ricotta
2396,,100,fromage blanc
2396,gousses,2,ail
2396,poignée,1,tomates cerise
2396,,30,pistaches
2396,,,zeste de citron
2396,cuillère à soupe,1,huile d'olive
2396,,,sel et poivre
2396,,,basilic
2397,,1,oignon
2397,,100,lardons
2397,,,sel
2397,,,poivre
2397,cuillères à café,2,origan
2397,,20,levure de boulanger
2397,,250,farine
2397,cuillères à soupe,3,huile d'olive
2398,,,sel
2398,botte,1,kale
2398,,,huile d'olive
2399,,1,endive
2399,,1,fromage ail et fines herbes
2400,,,huile de tournesol
2400,,,sel
2400,,,poivre
2400,cuillère à café,1,moutarde
2400,,11,oeufs
2400,boîte,1,thon
2401,,1,trévise
2401,,4,pancetta
2401,,,huile d'olive
2402,,600,farine
2402,,100,beurre
2402,,1,oignon
2402,cuillère à café,1,cumin
2402,,1,gingembre
2402,brins,6,coriandre
2402,cuillère à café,1,curry
2402,cuillère à café,,curcuma
2402,,,beurre
2402,,6,piments
2402,cuillère à café,1,sel
2402,,,huile de friture
2402,,100,huile
2402,,,curcuma
2402,,,eau
2402,gousse,1,ail
2402,,2,oeufs
2402,brins,6,menthe
2402,brins,6,ciboule
2402,,450,aiguillette de poulet
2403,,,sel
2403,,,huile
2403,,1,betterave
2404,,,sel
2404,,,poivre
2404,,,gruyère râpé
2404,grosses,2,farine
2404,,3,oeufs
2404,,25,lait
2404,petite boîte,1,concentré de tomates
2404,boîte,1,thon
2405,,50,beurre
2405,cuillère à café,1,huile
2405,,,sel
2405,,,poivre
2405,cuillère à café,1,curry
2405,,1,oignon
2405,cuillères à café,2,coriandre
2405,cuillère à café,1,gingembre
2405,,300,boeuf haché
2405,cuillères à soupe,2,petits pois
2405,gousses,2,ail
2405,feuille,,pâte filo
2406,branches,4,aneth
2406,,50,crème fraîche
2406,,200,saumon fumé
2406,demi,1,avocat
2406,,150,fromage frais
2406,demi,1,ciboulette
2406,tranches,10,pain
2407,cuillères à soupe,3,huile d'olive
2407,,,poivre
2407,,,sel
2407,,20,crème fraîche
2407,,1,poivron jaune
2407,,1,poivron rouge
2407,tranches,6,chorizo
2408,,3,sel
2408,,22,sucre en poudre
2408,,212,sucre glace
2408,,100,blanc d'oeuf
2408,,125,amandes
2408,cuillère à café,0.5,cannelle
2408,,1,figue
2408,,25,farine
2408,,0.1666667,vin blanc
2408,,1,jaune d'oeuf
2408,,20,canard
2408,,100,Foie gras
2409,,,huile
2409,pincée,1,sel
2409,,50,beurre
2409,,100,farine
2409,,16,eau
2409,,3,oeufs
2409,pincée,1,poivre
2409,pincée,1,sel
2409,,2,aneth
2409,,50,fromage frais
2409,,30,saumon fumé
2409,cuillère à soupe,1,jus de citron
2409,pincées,2,poivre
2409,pincées,2,sel
2409,,10,farine
2409,,10,beurre
2409,,10,lait
2409,,16.5,parmesan râpé
2409,pincée,1,poivre
2409,pincée,1,sel
2409,,40,thon
2409,,10,crème liquide
2409,,1,échalote
2409,,40,crème fouettée
2409,brin,,ciboulette
2410,,200,jambon
2410,cuillère à café,1,sel
2410,paquet,1,levure
2410,,250,farine
2410,,100,gruyère râpé
2410,,15,huile d'olive
2410,,15,vin blanc sec
2410,,4,oeufs
2410,,200,olives vertes
2411,,2,pâtes feuilletées
2411,bocal,1,anchois
2411,,1,jaune d'oeuf
2412,,425,abricot
2412,,1200,thon
2412,,150,fromage frais
2412,botte,1,ciboulette
2413,pincée,1,fleur de sel
2413,,1,pâte brisée
2413,,150,fromage frais
2413,,1,jaune d'oeuf
2413,cuillère à café,1,herbes de Provence
2413,pincée,1,paprika
2414,,,poivre
2414,,500,fromage blanc
2414,,150,roquefort
2414,feuilles,24,endive
2414,,24,cerneaux de noix
2415,,,tabasco
2415,,,poivre
2415,,,sel
2415,,,vinaigre balsamique
2415,,200,olives vertes
2415,gousses,3,ail
2415,,1,citron
2415,,,herbes de Provence
2415,,,huile d'olive
2416,,1,pâte brisée
2416,,,ketchup
2416,,6,saucisses de Strasbourg
2416,,1,jaune d'oeuf
2417,,35,margarine
2417,,11,levure
2417,,10,sel
2417,,500,farine
2417,,15,eau
2417,,15,lait
2417,cuillères à café,2,sel
2417,,100,bicarbonate
2417,,1,eau
2417,,,gros sel
2417,,1,oeuf
2418,,1,beurre
2418,feuilles,4,brick
2418,,24,noix de saint-jacques
2418,,,beurre d'escargot
2419,,,huile d'olive
2419,,,vinaigre
2419,,1,artichaut violet
2419,,,eau
2419,,,ail
2419,,,menthe
2420,tranches,10,bacon
2421,,,farine
2421,,,huile
2421,pincée,1,sel
2421,,300,farine
2421,,40,eau
2421,cuillères à soupe,4,huile
2421,,1,oignon
2421,botte,0.5,coriandre
2421,,20,gingembre
2421,,10,piments
2421,,350,viande
2421,botte,1,ciboulette
2422,,300,lardons fumés
2422,,10,levure
2422,cuillère à café,0.5,sel
2422,,150,beurre
2422,,300,farine
2422,,4,oeufs
2422,verre,0.5,lait
2423,pincée,1,cumin
2423,,,sel
2423,,,poivre
2423,,150,emmental
2423,,150,beurre
2423,,200,farine
2423,,1,oeuf
2423,filet,1,eau
2424,cuillère à soupe,1,aneth
2424,pincée,1,sel
2424,,75,beurre
2424,,135,farine
2424,,23,eau
2424,,3,oeufs
2424,cuillère à soupe,1,sarriette
2424,tranches,3,saumon fumé
2424,pot,1,fromage ail et fines herbes
2425,,,sel
2425,,,poivre
2425,,50,lardons
2425,,1,ficelle
2425,sachet,1,gruyère
2425,,1,crème fraîche épaisse
2426,,,sel
2426,,30,tomate séchée
2426,,40,beurre
2426,cuillère à café,1,levure
2426,,80,farine
2426,,40,parmesan râpé
2426,,1,oeuf
2426,,,herbes de Provence
2427,,4,endives
2427,,1,thon
2427,cuillères à soupe,5,mayonnaise
2428,,,poivre
2428,cuillère à café,1,sel
2428,cuillère à café,1,curry
2428,cuillère à café,1,levure chimique
2428,cuillère à café,1,piment fort
2428,,,huile
2428,,1,aubergine
2428,,1,poivron vert
2428,,1,poivron rouge
2428,,1,courgette
2428,,4,échalotes
2428,,100,farine de pois chiches
2428,,55,farine de riz
2429,,,piment
2429,,,cumin
2429,,,yaourt
2429,,,sel
2429,,,poivre
2429,,,farine
2429,cuillères à soupe,4,persil
2429,,1,aubergine
2429,,1,oeuf
2429,gousses,2,ail
2429,,130,pain
2429,,90,Parmesan
2429,cuillères à soupe,2,huile d'olive
2429,,100,feta
2429,,,citron
2430,,,cognac
2430,,,poivre
2430,,,sel
2430,,1,Foie gras
2431,cuillère à soupe,1,gruyère râpé
2431,,,sel
2431,paquet,0.5,levure
2431,,50,margarine
2431,cuillères à soupe,2,gruyère râpé
2431,cuillères à soupe,3,farine
2431,,1,oeuf
2431,cuillères à soupe,4,lait
2431,,1,jaune d'oeuf
2432,,,sel
2432,,,citrouille
2433,,100,farine
2433,,50,beurre
2433,,80,chorizo
2433,,100,fromage de chèvre
2433,,40,lait
2433,,1,oeuf
2434,,150,gruyère râpé
2434,,1,pâte feuilletée
2434,,,basilic
2434,,,huile d'olive
2435,,,poivre
2435,,,sel
2435,,1,poulpe
2435,,3,pommes de terre
2435,,,paprika
2435,,,huile d'olive
2435,,,laurier
2435,,,ail
2436,pincée,1,sel
2436,,200,pois chiches
2436,gousse,1,ail
2436,cuillères à soupe,3,huile d'olive
2437,,,coriandre
2437,cuillère à café,0.5,piment d'Espelette
2437,,20,huile d'olive
2437,,250,crevette rose
2437,gousses,4,ail
2437,cuillère à café,1,paprika
2438,,,sel
2438,,,poivre
2438,,10,maïzena
2438,,200,poireau
2438,,100,saumon
2438,,25,lait
2438,,2,oeufs
2438,cuillères à soupe,2,crème fraîche épaisse
2438,,50,gruyère
2438,cuillère à café,1,herbes de Provence
2438,cuillère à soupe,1,huile d'olive
2439,,,sel
2439,,,poivre
2439,,12,poivre
2439,branches,2,thym
2439,,1,huile d'olive
2439,,1,tomate
2439,gousses,6,ail
2440,,,poivre
2440,,1,poivron rouge
2440,,3,carottes
2440,,1,concombre
2440,branche,1,céleri
2440,,3,carré frais
2440,,1,yaourt brassé
2440,,,herbes de Provence
2441,,,sel
2441,,,poivre
2441,,10,huile
2441,,100,gruyère râpé
2441,sachet,1,levure chimique
2441,,150,farine
2441,,2,saumon frais
2441,,1,ail
2441,,3,oeufs
2441,,10,lait
2441,demi,,citron
2442,,,sel
2442,,,poivre
2442,tranche,1,jambon
2442,paquet,1,pâte feuilletée
2442,,4,Vache qui rit®
2442,,1,échalote
2443,,,huile d'olive
2443,,,gruyère râpé
2443,,,tabasco
2443,cuillère à soupe,1,moutarde
2443,boîte,1,poivron
2443,,,pain de mie
2444,,,poivre
2444,,,sel
2444,,100,beurre doux
2444,boîtes,2,sardine
2444,,1,citron vert
2445,,,huile
2445,,,sel
2445,,,piment
2445,,,persil
2445,,1,oignon
2445,,100,farine
2445,boîte,1,thon
2445,boîte,1,crabe
2445,,12,lait
2445,,2,oeufs
2445,gousse,1,ail
2446,,,aneth
2446,,2,pâtes feuilletées
2446,,3,saumon
2446,,20,fromage frais
2446,,1,citron
2446,,1,jaune d'oeuf
2447,sachet,0.5,levure
2447,,170,farine
2447,,10,lait
2447,,2,oeufs
2447,,200,saumon fumé
2447,pot,0.5,boursin
2448,pincée,1,muscade
2448,,80,beurre
2448,,150,farine
2448,,150,gruyère râpé
2448,,4,oeufs
2448,,,sel et poivre
2449,brin,1,thym
2449,brin,1,romarin
2449,,2,feuilles de laurier
2449,bouteille,1,vinaigre
2449,,,sel
2449,,200,piment
2449,bouteille,1,huile d'olive
2449,gousses,2,ail
2450,,,sel
2450,,,poivre
2450,branche,,persil
2450,cuillère à café,1,vinaigre
2450,,400,thon
2450,cuillères à café,2,câpres
2450,,30,mayonnaise
2450,,5,jus de citron
2450,,,ciboulette
2451,,5,levure chimique
2451,,2,tomates
2451,,,poivre
2451,,,sel
2451,,6,huile d'olive
2451,,,origan
2451,,100,fromage râpé
2451,,200,farine
2451,,3,oeufs
2451,,50,dés de jambon
2451,,15,olives noires
2451,,10,lait
2452,,,sel
2452,,,poivre
2452,,,vinaigre balsamique
2452,,50,lardons fumés
2452,,10,crème fraîche
2452,,1,oignon
2452,,1,betterave
2452,,1,pomme
2452,,8,coquilles saint-jacques
2453,,,poivre
2453,barquette,1,aubergine
2453,gousses,4,ail
2453,tranches,20,lard
2453,,,huile d'olive
2453,,,herbes de Provence
2454,,1,tomate
2454,pot,1,sauce tomate
2454,,300,fromage frais
2454,,0.5,concombre
2454,,100,cheddar
2454,,300,tortilla
2455,,,sel
2455,,,poivre
2455,cuillères à soupe,2,curry
2455,,1,tomate
2455,cuillères à soupe,3,fromage blanc
2455,,400,crevettes
2455,,1,oeuf
2455,,,citron
2455,cuillère à soupe,1,sauce worcestershire
2456,,40,beurre
2456,,200,chocolat praliné
2456,,200,chocolat noir
2456,,15,gavottes
2456,,,pépite caramélisée
2456,,,moules
2457,cuillères à café,2,levure
2457,cuillère à soupe,1,miel
2457,,100,gingembre
2457,,125,beurre tendre
2457,,125,sucre roux
2457,,300,farine
2457,,1,oeuf
2458,,,poivre
2458,,,sel
2458,,100,gruyère râpé
2458,,1,pâte brisée
2459,,,poivre
2459,,1,artichaut
2459,cuillères à soupe,2,crème fraîche épaisse
2459,,50,bleu
2460,,225,farine
2460,,150,beurre
2460,pincée,1,sel
2460,,3,eau
2460,,6,oeufs
2460,,100,gruyère râpé
2460,,250,saumon frais
2460,brins,15,ciboulette
2461,,,beurre
2461,botte,,oignon blanc
2462,branche,1,aneth
2462,cuillères à soupe,4,crème fraîche
2462,tranches,3,saumon fumé
2462,cuillères à soupe,6,ricotta
2462,,1,citron
2463,pincée,1,aneth
2463,,300,crevette rose
2463,gousse,1,ail
2463,cuillères à soupe,2,crème
2463,zeste,1,citron
2463,,32,toasts
2464,,,sel
2464,,,poivre
2464,,150,mozzarella
2464,feuilles,3,basilic frais
2465,,10,tomates cerise
2465,,38,boursin
2466,,,sel
2466,,10,levure
2466,,200,farine
2466,,8,eau
2466,,,huile d'olive
2466,,,sel
2466,,,poivre
2466,branches,2,thym
2466,,3,feuilles de laurier
2466,,2,oignons
2466,,6,tomates
2466,gousses,2,ail
2466,,10,anchois
2466,,,huile d'olive
2466,,12,olives noires
2467,,250,farine
2467,pincée,1,sel
2467,,100,beurre
2467,,12.5,lait
2467,,12.5,eau
2467,,4,oeufs
2467,,200,lardons fumés
2467,,200,gruyère
2467,,1,échalote
2467,,200,fromage de chèvre
2467,,100,cerneau de noix
2468,cuillère à soupe,1,pesto
2468,boîte,1,fond d'artichaut
2468,cuillères à soupe,3,huile d'olive
2468,cuillère à café,1,jus de citron
2468,feuilles,10,basilic
2468,,,sel et poivre
2469,,,poivre
2469,,,sel
2469,,1,oignon
2469,,,curcuma
2469,,,piment fort
2469,,200,carotte
2469,cuillère à soupe,1,coriandre
2469,boîte,1,thon
2469,,100,olives noires
2469,,2,oeufs
2469,feuille,,laitue
2469,,,mayonnaise
2469,,,paprika
2469,,1,citron
2470,,,huile d'olive
2470,pincée,1,sel
2470,,200,fromage
2470,pincée,1,herbes
2471,,,muscade
2471,,,sel
2471,,,poivre
2471,cuillère à café,0.5,vinaigre de xérès
2471,,0.25,melon
2471,,0.25,concombre
2471,tranches,4,pain de mie
2471,cuillère à soupe,0.5,huile d'olive
2471,,,citron
2471,,1,poivre de Cayenne
2472,,100,beurre salé
2472,botte,1,radis
2473,,1,aubergine
2473,cuillères à soupe,2,jus de citron
2473,cuillère à soupe,1,tahiné
2473,cuillère à soupe,1,huile d'olive
2473,gousse,0.5,ail
2473,,,sel
2473,,,poivre
2474,tranches,4,jambon
2474,,150,fromage ail et fines herbes
2475,,,poivre
2475,,,sel
2475,,1,tomate
2475,,0.5,oignon
2475,,2,avocats
2475,cuillères à café,2,mélange d'épices mexicaines
2476,,2,gros sel
2476,,1.2,boeuf
2476,cuillères à soupe,3,Ras el Hanout
2476,,20,piment
2476,,300,harissa
2476,gousses,12,ail
2477,cuillère,1,pesto
2477,,,poivre
2477,,,sel
2477,,20,noix
2477,gousse,1,ail
2477,cuillères à soupe,3,huile de noix
2478,,20,champignons de Paris
2478,,150,fromage ail et fines herbes
2479,,,poivre
2479,cuillère à soupe,1,vinaigre de vin
2479,,200,anchois
2479,,0.25,huile d'olive
2479,gousse,1,ail
2479,,,pain
2479,,,herbes de Provence
2480,,,persil
2480,,1,poivron
2480,,1,chorizo
2480,,45,crème fraîche épaisse
2480,gousses,2,ail
2480,,,huile d'olive
2481,,4,tortillas
2481,,300,crevette rose
2481,,3,avocats
2481,,,fromage frais
2481,brin,,ciboulette
2482,,,sel
2482,,,poivre
2482,cuillères à café,2,aneth
2482,sachet,1,levure chimique
2482,,200,farine
2482,,100,gruyère râpé
2482,,2,poireaux
2482,,200,saumon fumé
2482,,3,oeufs
2482,,10,lait
2482,,10,huile d'olive
2483,,,sel
2483,,,poivre
2483,cuillère à café,1,curry
2483,,1,pain de mie
2483,,4,oeufs
2483,cuillères à soupe,3,mayonnaise
2484,cuillère à soupe,1,crème fraîche
2484,paquet,1,oignon
2484,,2,tomates
2484,paquet,1,tortilla
2484,paquet,1,surimi
2484,paquet,1,roquette
2484,,200,fromage frais
2484,,1,échalote
2485,goutte,,tabasco
2485,,,poivre
2485,cuillère à soupe,1,moutarde
2485,,1,oignon
2485,,4,tomates
2485,,1,pâte à pizza
2485,pincée,1,herbes de Provence
2485,pincée,1,basilic
2486,pincée,1,gros sel
2486,,2,saumon
2486,,1,citron vert
2486,,1,mélange 5 baies
2487,,125,boudin noir
2487,,100,compote
2488,pincée,1,poivre
2488,pincée,1,sel
2488,bocal,1,fond
2488,gousse,1,ail
2488,,0.5,citron
2488,bouquet,1,basilic
2488,cuillère à soupe,1,amandes en poudre
2488,cuillères à soupe,2.5,huile d'olive
2489,cuillère à café,0.125,sel
2489,cuillères à soupe,2,sucre
2489,,125,vinaigre
2489,,750,riz
2489,cuillères à soupe,2,saké
2489,,1,oignon
2489,,2,citrons
2489,,200,crevette rose
2489,,400,saumon fumé
2489,,50,oeuf
2489,,1,avocat
2489,,,câpres
2490,tranche,,pain
2490,,,jambon cru
2490,pot,1,tapenade
2490,,,Parmesan
2490,,,basilic frais
2490,,,ail
2491,,,sel
2491,,,poivre
2491,sachet,1,levure chimique
2491,,10,huile
2491,,150,farine de blé
2491,,4,oeufs
2491,,12.5,lait
2491,,100,gruyère
2491,,200,champignon
2492,,,sel
2492,,,poivre
2492,,140,beurre tendre
2492,,140,fromage râpé
2492,,2,oignons
2492,,10,biscottes
2492,,140,thon
2492,,6,oeufs
2492,,5,lait
2493,,,sel
2493,,,poivre
2493,cuillères à soupe,2,crème fraîche
2493,,,persil
2493,demi,1,oignon
2493,,12,sardines
2493,,,vin blanc
2493,,1,citron
2494,cuillère à café,1,cumin
2494,,,sel
2494,,500,tomates cerise
2494,,18,oeufs de caille
2495,,1,bûche de chèvre
2495,,1,poivron rouge
2495,,50,gruyère râpé
2495,,,poivre
2495,pincée,1,sel
2495,sachet,1,levure
2495,,200,farine
2495,,3,oeufs
2495,,10,huile d'olive
2495,,10,lait
2496,,,poivre
2496,,,sel
2496,cuillère à café,1,thym
2496,,,poivre
2496,,,sel
2496,cuillères à café,2,cumin
2496,poignées,2,noix
2496,cuillères à soupe,2,moutarde
2496,sachet,1,levure chimique
2496,,200,farine
2496,,3,oeufs
2496,,10,lait
2496,,10,huile d'olive
2496,cuillères à soupe,3,crème épaisse
2496,cuillères à soupe,2,fromage frais
2496,,,jus de citron
2497,,,sel
2497,,,poivre
2497,,60,comté
2497,sachet,1,levure
2497,,180,farine
2497,,3,oeufs
2497,,8,huile d'olive
2497,,10,lait
2497,,150,petits pois
2498,cuillère à soupe,1,poivre vert
2498,cuillère à café,1,vinaigre balsamique
2498,,90,Magret de canard fumé
2498,cuillères à soupe,3,coulis de framboise
2499,,,sel
2499,,,poivre
2499,cuillère à soupe,1,crème fraîche
2499,tranches,4,pain de mie
2499,,2,avocats
2499,tranches,2,saumon fumé
2499,,1,citron vert
2499,,2,carré frais
2499,brin,,cerfeuil
2499,,,ciboulette
2499,,,estragon
2499,,,paprika
2500,,1,pâte feuilletée
2500,tranches,5,saumon
2500,,,fromage ail et fines herbes
2500,,1,jaune d'oeuf
2501,,2,tomates
2501,tranches,4,pain de mie
2501,,,mayonnaise
2501,,1,oignon blanc
2501,,,ciboulette
2502,,10,beurre
2502,,50,emmental
2502,cuillère à soupe,1,sésame
2502,,10,beurre
2502,cuillère à soupe,1,moutarde
2502,,1,pâte feuilletée
2502,,125,mozzarella
2502,,100,épinards
2502,,30,fromage frais
2503,boîte,1,thon
2503,boîte,1,ricotta
2503,,1,échalote
2503,cuillère à soupe,1,crème fraîche épaisse
2503,gouttes,10,jus de citron
2503,,,ciboulette
2503,,,sel et poivre
2504,,1,bûche de chèvre
2504,,,miel
2504,,1,baguette
2504,,,amandes
2505,,1,pâte feuilletée
2505,,1,saumon
2505,,1,jaune d'oeuf
2505,cuillères à soupe,2,lait
2506,cuillère à café,1,huile d'olive
2506,,,poivre
2506,,1,piment d'Espelette
2506,cuillère à soupe,1,ail semoule
2506,cuillère à soupe,1,coriandre
2506,,120,saumon fumé
2506,,150,chips
2506,,4,oeufs
2507,,,sel
2507,,,poivre
2507,,3,courgettes
2507,boîte,1,fromage frais
2507,bocal,1,tomates confites à l’huile
2507,,,ciboulette
2507,,,olives
2508,,5,poires
2508,belle,1,roquefort
2508,,,thym citron
2509,,,sel
2509,,,poivre
2509,,2,concombres
2509,,1,pomme
2509,,20,crème liquide
2509,,,citron vert
2509,cuillères à café,8,crabe
2510,,4,jambon blanc
2510,,2,pâtes feuilletées
2510,,14,fromage ail et fines herbes
2510,,1,jaune d'oeuf
2510,,10,sésame blond
2510,,10,graines de sésame noir
2511,,10,huile
2511,,150,farine
2511,pincée,1,sel
2511,,2,oeufs
2511,,500,dashi
2511,cuillère,1,café
2511,cuillère,1,wasabi
2512,,100,fromage râpé
2512,grosses,2,moutarde
2512,,200,lardons
2512,sachet,1,levure
2512,,10,huile
2512,,150,farine
2512,,3,oeufs
2512,,12,lait
2512,,1,brocoli
2513,,,sel
2513,,,poivre
2513,goutte,,huile
2513,feuilles,2,gélatine
2513,,0.25,jus d'agrumes
2513,,200,coquille saint-jacques
2513,,0.5,citron
2513,,15,crème semi-épaisse
2514,cuillère à soupe,1,pesto
2514,boîte,1,fond d'artichaut
2514,cuillères à soupe,3,huile d'olive
2514,cuillère à café,1,jus de citron
2514,feuilles,10,basilic
2514,,,sel et poivre
2515,,150,gruyère râpé
2515,,100,beurre tendre
2515,,1,baguette
2515,,140,Saint Morêt
2515,,2,oeufs
2515,,250,thon
2516,,,sel
2516,,,poivre
2516,,2,betteraves
2516,,2,radis
2516,boîte,1,thon
2516,pot,1,fromage frais
2517,cuillère,1,sel
2517,,500,petits pois
2517,cuillères à soupe,3,wasabi
2518,,2,pâtes feuilletées
2518,,100,cheddar
2518,bouquet,1,ciboulette
2518,,1,jaune d'oeuf
2519,,,thym
2519,,,poivre
2519,,,sel
2519,,48,escargots
2520,,,sel
2520,,,poivre
2520,cuillères à café,2,thym
2520,cuillère à soupe,1,coriandre
2520,cuillère à soupe,1,crème fraîche
2520,,4,concombres
2520,,250,fromage frais
2520,,200,saumon
2520,cuillère à soupe,1,mayonnaise
2520,cuillères à café,2,jus de citron
2520,cuillère à soupe,1,ciboulette
